"count","name","job_via"
"84","Confidential","via EMPREGO"
"74","OESON","via LinkedIn"
"67","Amazon Services Inc.","via BeBee Australia"
"59","Confidential","via Emprego.pt"
"56","Amazon Services Inc.","via Trabajo.org"
"48","HiTech Group","via BeBee Australia"
"42","Suncorp Group","via LinkedIn"
"39","Macquarie Group","via Laimoon.com"
"32","Workforce Australia for Individuals","via LinkedIn"
"29","Randstad","via BeBee Australia"
"27","HAYS","via BeBee Australia"
"27","Oeson | Learning","via LinkedIn"
"25","Resmed","via Jobrapido.com"
"24","Hays","via Laimoon.com"
"24","Blue Origin","via BeBee Australia"
"23","Evergen","via LinkedIn"
"22","Genesis IT&T","via BeBee Australia"
"22","Araza","via Jobrapido.com"
"20","The Data Foundry","via Trabajo.org"
"19","Resource Corner","via Jobrapido.com"
"18","Nium","via LinkedIn"
"17","Macquarie University","via Adzuna"
"17","Cashrewards","via LinkedIn"
"17","Deloitte","via LinkedIn"
"17","System Stewardship","via Adzuna"
"16","Talent International","via BeBee Australia"
"16","Amazon Services Inc.","via Jobs Trabajo.org"
"16","Link Group","via BeBee Australia"
"16","Sky","via Trabajo.org"
"16","Talent","via LinkedIn"
"15","Hays","via BeBee Australia"
"15","Sirius People","via BeBee Australia"
"15","Paxus","via BeBee Australia"
"15","Australian Bureau Of Statistics","via BeBee Australia"
"15","Dooleyboyer","via LinkedIn"
"15","EY","via BeBee Australia"
"15","salesforce, inc.","via BeBee Australia"
"14","Society for Learning Analytics Research","via JobLeads"
"14","Velan Consulting Pty Ltd","via LinkedIn"
"14","LearnMeter","via BeBee Australia"
"14","Cash App","via LinkedIn"
"14","PwC Australia","via LinkedIn"
"14","PACCAR","via BeBee Australia"
"14","Canva","via AngelList"
"14","FR Consultancy","via LinkedIn"
"14","Australian Broadcasting Corporation","via Trabajo.org"
"14","Mott MacDonald","via Trabajo.org"
"14","Sleeping Duck","via Jobrapido.com"
"14","SustainAbility Consulting","via LinkedIn"
"14","Wesfarmers OneDigital","via LinkedIn"
"14","Accenture","via Trabajo.org"
"13","Origin Energy","via Adzuna"
"13","United Overseas Bank Ltd.","via Jobrapido.com"
"13","ICMEC Australia","via LinkedIn"
"13","edX Boot Camps","via Laimoon.com"
"13","Sky","via Jobrapido.com"
"13","Cognizant","via Jobrapido.com"
"13","Araza","via Jooble"
"13","Block","via Trabajo.org"
"13","TickPick","via LinkedIn"
"12","Ikea Gruppe","via BeBee Australia"
"12","Provet","via Jobrapido.com"
"12","Attribute Group","via LinkedIn"
"12","JB Hi Fi","via Adzuna"
"12","Unisys","via BeBee Australia"
"12","NSW Government Department of Education","via Jooble"
"12","Torch Professional Services","via LinkedIn"
"12","Clicks IT Recruitment","via BeBee Australia"
"12","BLACKROC","via BLACKROC"
"12","Nyrstar","via LinkedIn"
"12","Hays","via Laimoon"
"12","Hays","via Jooble"
"12","The State Of Queensland","via Jobrapido.com"
"12","Optus","via LinkedIn"
"12","Confidential","via Emprego"
"12","Bloomberg","via Laimoon"
"12","Capgemini Australia","via BeBee Australia"
"12","Randstad Australia","via LinkedIn"
"12","Atlassian","via The Muse"
"12","ACT Government","via Adzuna"
"12","Cash App","via BeBee Australia"
"11","Australia and New Zealand Banking Group Limited (ANZ)","via Trabajo.org - Job Search - Jobs"
"11","Effective People","via BeBee Australia"
"11","Jobx Pty Ltd","via BeBee Australia"
"11","Aon","via Trabajo.org"
"11","Ramsay Health Care","via BeBee Australia"
"11","Sky","via BeBee Australia"
"11","Carsales","via Trabajo.org - Job Search - Jobs"
"11","EY","via LinkedIn"
"11","Pan Asia Resources","via LinkedIn"
"11","The Data Foundry","via SmartRecruiters Job Search"
"11","pwc","via Trabajo.org"
"11","Maurice Blackburn Lawyers","via LinkedIn"
"10","Ramsay Health Care","via Adzuna"
"10","Sapia.ai","via LinkedIn"
"10","Australian Federal Police (AFP)","via The Big Bend Holiday Hotel"
"10","Tritusa Consulting","via LinkedIn"
"10","First People Recruitment Solutions","via Jobs Trabajo.org"
"10","Hays","via Trabajo.org"
"10","Johnson & Johnson","via LinkedIn"
"10","Catch Group","via Jobrapido.com"
"10","UST","via BeBee Australia"
"10","Worley","via LinkedIn"
"10","Salt","via LinkedIn"
"10","Men's Health Clinic (MHC)","via AngelList"
"10","L’ORÉAL","via Adzuna"
"10","Entropy Analytics","via LinkedIn"
"10","Glencore Jobs","via Recruit.net"
"10","Australian Bureau Of Statistics","via Jobrapido.com"
"10","General Dynamics Land Systems","via Trabajo.org - Job Search - Jobs"
"10","Suncorp Group","via BeBee Australia"
"10","Experis Manpowergroup Sp. Z O.O.","via Jobrapido.com"
"9","Correlate Resources","via BeBee Australia"
"9","Vivi","via SimplyHired"
"9","Wool","via Jooble"
"9","Susquehanna International Group, LLP (SIG)","via SIG Careers"
"9","OZ minerals","via BeBee Australia"
"9","LTIMindtree","via LinkedIn"
"9","Colliers","via Trabajo.org"
"9","Calleo","via LinkedIn"
"9","Employment Hero","via LinkedIn"
"9","Compas Pty Ltd","via BeBee Australia"
"9","Bonza","via LinkedIn"
"9","Compass Group","via Jobs Trabajo.org"
"9","Pwc","via Jobrapido.com"
"9","Peoplebank Australia Ltd","via Jobrapido.com"
"9","Vivi","via LinkedIn"
"9","Calleo","via BeBee Australia"
"9","Bureau of Meteorology","via LinkedIn"
"9","Getwork","via LinkedIn"
"9","Inavitas","via BeBee Australia"
"9","SKY Italia","via BeBee Australia"
"9","Collabera Digital","via LinkedIn"
"9","Compass Group","via Trabajo.org"
"9","AFL Australia","via BeBee Australia"
"9","Macquarie Group Limited","via Jobrapido.com"
"9","SA Water","via Trabajo.org"
"9","Macquarie Group","via LinkedIn"
"9","University of South Australia","via BeBee Australia"
"9","Mantel Group","via LinkedIn"
"9","The Recruitment Company Pty Ltd","via LinkedIn"
"9","Golden Future Technologies","via LinkedIn"
"9","Link Group (LNK)","via LinkedIn"
"9","Charterhouse Partnership","via BeBee Australia"
"9","Find My New Job","via LinkedIn"
"8","Canonical","via LinkedIn"
"8","South East Water","via BeBee Australia"
"8","Serco","via BeBee Australia"
"8","Starbucks","via BeBee Australia"
"8","Shell","via LinkedIn"
"8","The Data School Down Under","via LinkedIn"
"8","JLL","via Jobs Trabajo.org"
"8","Optiver","via BeBee Australia"
"8","Data Engineering Pty Ltd","via LinkedIn"
"8","Day One","via BeBee Australia"
"8","Mercedes-Benz AustraliaPacific Pty Ltd","via Trabajo.org"
"8","Peoplebank","via LinkedIn"
"8","Pinpoint Talent","via LinkedIn"
"8","Finecast","via The Big Bend Holiday Hotel"
"8","NSW Health Pathology","via BeBee Australia"
"8","Macropus Global","via BeBee Australia"
"8","libertyone","via Jooble"
"8","ANZ","via LinkedIn"
"8","Washington State University","via Jobs Trabajo.org"
"8","Luxoft","via Jobrapido.com"
"8","Humana","via Trabajo.org"
"8","CSIRO","via Jobrapido.com"
"8","Linkus","via Trabajo.org"
"8","Symetra","via BeBee Australia"
"8","Canadian Institute for Health Information","via BeBee Australia"
"8","Pyramid Global Technologies","via BeBee Australia"
"8","Kreative Klick","via LinkedIn"
"8","ARIS•ZINC GROUP","via LinkedIn"
"8","Charterhouse","via Trabajo.org"
"8","pwc","via BeBee Australia"
"8","Reesby IT","via Trabajo.org"
"8","Cognizant","via BeBee Australia"
"8","Cognizant Technology Solutions","via Careers At Cognizant"
"8","Complementarytraining","via Jobrapido.com"
"7","HP Inc.","via BeBee Australia"
"7","Scor","via ProActuary"
"7","eTeam","via LinkedIn"
"7","Nine","via SimplyHired, Australia"
"7","PwC","via BeBee Australia"
"7","Washington Health Benefit Exchange","via Trabajo.org"
"7","Lotterywest","via LinkedIn"
"7","Blue Origin","via Jobs Trabajo.org"
"7","Assurant, Inc.","via Assurant Careers"
"7","Jar","via LinkedIn"
"7","BenchOn","via LinkedIn"
"7","Munro Footwear Group","via LinkedIn"
"7","Aris Zinc","via BeBee Australia"
"7","BI & DW Australia","via LinkedIn"
"7","TELUS International AI Data Solutions","via LinkedIn"
"7","NTT","via LinkedIn"
"7","Accenture Australia","via LinkedIn"
"7","OnTalent","via BeBee Australia"
"7","X-brain Info Tech","via Adzuna"
"7","Pet Circle","via LinkedIn"
"7","Husqvarna Construction","via LinkedIn"
"7","A-Leagues","via LinkedIn"
"7","NSW Government","via Jobrapido.com"
"7","Peoplebank","via Peoplebank"
"7","Entain","via Ai-Jobs.net"
"7","Collins Mcnicholas Recruitment & Hr Services Group","via Jobrapido.com"
"7","Exponent","via BeBee Australia"
"7","Endeavour Foundation","via Laimoon.com"
"7","Endeavour Foundation","via Jobrapido.com"
"7","Talent Australia","via Melga"
"7","Talent Insights Group","via LinkedIn"
"7","Talenza","via LinkedIn"
"7","The Onset","via LinkedIn"
"7","PwC","via Trabajo.org"
"7","Downer EDI Limited","via Careermine"
"7","TeamForm","via LinkedIn"
"7","Hays","via LinkedIn"
"7","Inc Research","via Jobrapido.com"
"7","Experis","via BeBee Australia"
"7","Department of Education","via Adzuna"
"7","Infosys","via LinkedIn"
"7","Milliman, Inc","via Trabajo.org"
"7","Central Coast Council","via Jooble"
"7","Dataorbis","via Jobrapido.com"
"7","Catch","via LinkedIn"
"7","Xero","via Adzuna"
"7","North Highland Consulting","via Jobs Trabajo.org"
"7","Robert Walters","via LinkedIn"
"7","Data Addiction","via LinkedIn"
"7","Charterhouse","via Jobrapido.com"
"6","Workhoppers","via LinkedIn"
"6","Equifax","via LinkedIn"
"6","Menulog","via LinkedIn"
"6","NES Fircroft","via BeBee Australia"
"6","Syneos Health","via Jobrapido.com"
"6","Humana","via Jobs Trabajo.org"
"6","NSW Department of Education","via JobLeads"
"6","Hudson","via LinkedIn"
"6","Hudson","via BeBee Australia"
"6","Hendercare","via BeBee Australia"
"6","Heidelberg Materials","via LinkedIn"
"6","Providence Health & Services","via BeBee Australia"
"6","Hanson Australia","via Adzuna"
"6","Harrison McMillan Pty Ltd","via LinkedIn"
"6","South East Water","via LinkedIn"
"6","RMIT University","via Jobs Trabajo.org"
"6","Plastic Bottle Supplies Limited","via BeBee Australia"
"6","Recruiters Worldwide","via LinkedIn"
"6","13 reviews","via Laimoon.com"
"6","Australian Retirement Trust","via Australian Retirement Trust Jobs - Expr3ss!"
"6","Atlassian","via BeBee Australia"
"6","Atlas Executive Consulting","via BeBee Australia"
"6","REA Group","via Jobs Trabajo.org"
"6","Queensland Government","via LinkedIn"
"6","Recruitment Consultancy","via LinkedIn"
"6","Macquarie Group","via Jobrapido.com"
"6","West Recruitment Consulting","via BeBee Australia"
"6","@ Link Group","via Recruit.net"
"6","Bulk Nutrients","via BeBee Australia"
"6","Bulk Nutrients","via LinkedIn"
"6","Asic","via Jobrapido.com"
"6","Linkus","via BeBee Australia"
"6","Canva","via Adzuna"
"6","Canva","via Trabajo.org"
"6","Capital Recruit","via LinkedIn"
"6","Ventia Pty Limited","via Emprego.pt"
"6","CareCone Group","via LinkedIn"
"6","Niyo Solutions Inc.","via LinkedIn"
"6","Normet","via BeBee Australia"
"6","Normet Group","via LinkedIn"
"6","L'Oréal","via LinkedIn"
"6","Certus Recruitment Australia","via BeBee Australia"
"6","City Pantry","via Trabajo.org"
"6","OTIC Group","via LinkedIn"
"6","Clearcompany","via BeBee Australia"
"6","CoTalent","via LinkedIn"
"6","Tree Top Staffing LLC","via LinkedIn"
"6","Kaplan","via LinkedIn"
"6","Compare the Market","via Trabajo.org"
"6","Office Of The Nsw Crime Commission","via Jobrapido.com"
"6","The THRIVE Project","via LinkedIn"
"6","Job4u","via Trabajo.org"
"6","Aegros","via BeBee Australia"
"6","Aegros","via Jooble"
"6","The Onset","via Jobrapido.com"
"6","Online Courses Australia Pty","via BeBee Australia"
"6","Ooh","via BeBee Australia"
"6","Aurecon","via Trabajo.org"
"6","Optus","via BeBee Australia"
"6","Telstra","via Jooble"
"6","Department of Social Services","via Jobrapido.com"
"6","beBee S AU","via Trabajo.org"
"6","Tasmanian Government Jobs","via Adzuna"
"6","ISPT","via LinkedIn"
"6","Emmbr","via BeBee Australia"
"6","PACCAR","via Jobs Trabajo.org"
"6","PCCW GLOBAL Limited","via LinkedIn"
"5","Providence Health & Services","via Jobs Trabajo.org"
"5","Qbe Insurance","via Jobrapido.com"
"5","Officeworks Ltd","via BeBee Australia"
"5","Australian Bureau of Statistics","via Adzuna"
"5","PWC","via Trabajo.org"
"5","Australian Education Research Organisation (AERO)","via BeBee Australia"
"5","Mutinex","via LinkedIn"
"5","Australian Education Research Organisation (Aero)","via BeBee Australia"
"5","Programmed","via Trabajo.org"
"5","Woolworths","via BeBee Australia"
"5","Peraton","via BeBee Australia"
"5","Powerlink","via Jooble"
"5","Windsor Group","via LinkedIn"
"5","Australian Prudential Regulation Authority (APRA)","via Trabajo.org"
"5","Wilbur-Ellis Company","via Trabajo.org"
"5","BNP Paribas","via LinkedIn"
"5","Bank of Queensland","via Jobs Trabajo.org"
"5","face2face Recruitment","via Jooble"
"5","Bayside Group","via LinkedIn"
"5","Beaumont People","via BeBee Australia"
"5","Bechtel","via Adzuna"
"5","Box Hill Institute","via Jobrapido.com"
"5","C-SUITE PARTNERS PL","via LinkedIn"
"5","Visit Victoria","via Trabajo.org"
"5","Ventia","via LinkedIn"
"5","Career Success Australia","via BeBee Australia"
"5","Career Success Australia","via JobLeads"
"5","Career Success Australia","via Jobrapido.com"
"5","Career Success Australia","via Trabajo.org"
"5","Cashrewards","via BeBee Australia"
"5","University Of Technology Sydney","via BeBee Australia"
"5","Unitywater","via LinkedIn"
"5","Challenger","via Trabajo.org"
"5","Cleanaway","via Adzuna"
"5","Cleanaway Waste Management","via LinkedIn"
"5","Transurban","via LinkedIn"
"5","Compare Club","via BeBee Australia"
"5","Acciona Ferrovial JV","via BeBee Australia"
"5","Connect One Recruitment","via LinkedIn"
"5","Cushman & Wakefield","via Jobrapido.com"
"5","DFP Recruitment","via BeBee Australia"
"5","DLTA Trading","via JobLeads"
"5","DSi Professionals","via LinkedIn"
"5","Day One Recruitment","via LinkedIn"
"5","Deloitte","via Jobrapido.com"
"5","Dennis Family Corporation","via Trabajo.org"
"5","Telstra","via Big Bend Holiday Hotel"
"5","Digital Intelligence Systems, LLC","via Trabajo.org"
"5","Divy Associates","via SimplyHired, Australia"
"5","DoorDash","via Ai-Jobs.net"
"5","Downer Professional Services","via BeBee Australia"
"5","Dxc Technology Inc.","via BeBee Australia"
"5","Zone IT Solutions","via Trabajo.org"
"5","Talent","via Jobrapido.com"
"5","Engage Talent Pty Ltd","via Trabajo.org"
"5","Alinta Energy","via LinkedIn"
"5","TQSolutions","via Jobs Trabajo.org"
"5","Evolution Australia","via LinkedIn"
"5","Exadel Inc.","via Jooble"
"5","THE ICONIC","via LinkedIn"
"5","FoodByUs","via LinkedIn"
"5","Symetra","via Trabajo.org"
"5","GYDE Consulting","via LinkedIn"
"5","GenesisCare","via Trabajo.org"
"5","Sydney Local Health District","via BeBee Australia"
"5","Standards Australia","via AimGlo"
"5","Spring Professional","via Emprego.pt"
"5","Softtest Pays","via LinkedIn"
"5","Analytic Hire Solutions","via BeBee Australia"
"5","Hitek Staffing","via Trabajo.org"
"5","Humana","via BeBee Australia"
"5","Humanforce","via Jobs By Workable"
"5","Humanised Group","via BeBee Australia"
"5","Hydro Tasmania","via LinkedIn"
"5","INNOVATE IT AUSTRALIA","via LinkedIn"
"5","IQVIA LLC","via Jooble"
"5","Six Degrees Executive","via LinkedIn"
"5","Illion","via BeBee Australia"
"5","Siemens Healthineers","via LinkedIn"
"5","Sharp & Carter","via LinkedIn"
"5","Koisra Co., Ltd","via Jobrapido.com"
"5","LSEG (London Stock Exchange Group)","via LinkedIn"
"5","Leidos","via Trabajo.org"
"5","Resources Group AU","via Adzuna"
"5","ManVision Consulting","via LinkedIn"
"5","Mane Consulting","via Jobs Trabajo.org"
"5","Mane Consulting","via LinkedIn"
"5","Mantech","via BeBee Australia"
"5","Mater Health Services","via Jooble"
"5","Mercer","via Trabajo.org"
"5","Messagemedia","via Jobrapido.com"
"5","Minda","via Recruit.net"
"5","Minda","via Trabajo.org"
"5","Modis","via Modis"
"5","Aurizon","via Jobrapido.com"
"4","Fortescue Future Industries","via Trabajo.org"
"4","Exclaim IT","via BeBee Australia"
"4","Mott MacDonald","via LinkedIn"
"4","IAG","via BeBee Australia"
"4","Tabcorp","via BeBee Australia"
"4","INGRITY","via LinkedIn"
"4","National Health Funding Body","via BeBee Australia"
"4","Tabcorp","via Trabajo.org"
"4","Optum","via Trabajo.org - Job Search - Jobs"
"4","Zip","via Jobrapido.com"
"4","aXcelerate","via LinkedIn"
"4","Workpath","via LinkedIn"
"4","Tangoefr","via BeBee Australia"
"4","Motta Consulting","via LinkedIn"
"4","Downer Group","via BeBee Australia"
"4","Australia And New Zealand Banking Group Limited","via BeBee Australia"
"4","Teachers Mutual Bank Limited","via BeBee Australia"
"4","Department of Justice and Community Safety","via BeBee Australia"
"4","Department of Industry, Science and Resources","via LinkedIn"
"4","Telstra Health","via BeBee Australia"
"4","Telstra Health","via LinkedIn"
"4","Appen","via Remoters"
"4","Defence Australia","via LinkedIn"
"4","Singtel Optus Pty Limited","via BeBee Australia"
"4","Reesby It","via Jobrapido.com"
"4","Intellihub Group","via LinkedIn"
"4","carsales","via Trabajo.org"
"4","Airservices","via Adzuna"
"4","1300TempFence","via LinkedIn"
"4","Mixed Staffing And Recruiting","via BeBee Australia"
"4","The Good Guys","via BeBee Australia"
"4","Cubiko Pty Ltd","via Jooble"
"4","Crown Melbourne","via SimplyHired"
"4","Acttif","via BeBee Australia"
"4","Court Services Victoria","via BeBee Australia"
"4","Johns Lyng Group","via Trabajo.org"
"4","Correlate Resources","via LinkedIn"
"4","The University of Queensland","via JobAustralia24h.com"
"4","Thompsoncook","via BeBee Australia"
"4","Tpg Telecom","via BeBee Australia"
"4","Transport for NSW","via Jooble"
"4","Karlka Recruiting Group","via LinkedIn"
"4","UNSW","via LinkedIn"
"4","SanMar Corp.","via BeBee Australia"
"4","Clayton Utz","via LinkedIn"
"4","Kinetic IT","via LinkedIn"
"4","Kinexus","via Jobrapido.com"
"4","Churches of Christ in Queensland","via LinkedIn"
"4","Chisholm Institute of TAFE","via Recruit.net"
"4","S.i. Systems","via BeBee Australia"
"4","Mixedstaffingandrecruiting","via LinkedIn"
"4","s2m Digital","via Jooble"
"4","Centre for Continuing Education","via BeBee Australia"
"4","Uniting","via Jooble"
"4","Optum","via Trabajo.org"
"4","VISY","via BeBee Australia"
"4","Launch Recruitment","via Adzuna"
"4","Launch Recruitment","via LinkedIn"
"4","Royal Flying Doctor Service","via BeBee Australia"
"4","Carolina Skiff, LLC.","via BeBee Australia"
"4","Carbotec","via BeBee Australia"
"4","Modis","via LinkedIn"
"4","Robert Half","via Emprego"
"4","Lgcareers","via BeBee Australia"
"4","Village Roadshow","via BeBee Australia"
"4","Link Group","via Trabajo.org"
"4","Virgin Australia","via Laimoon.com"
"4","face2face Recruitment","via BeBee Australia"
"4","Ashurst","via LinkedIn"
"4","WEST 1","via LinkedIn"
"4","Rio Tinto","via Trabajo.org - Job Search - Jobs"
"4","CREATE CAREERS","via LinkedIn"
"4","Assetlink","via Adzuna"
"4","Washington State Employees Credit Union","via BeBee Australia"
"4","Bosch","via Trabajo.org"
"4","Bonfire Group","via BeBee Australia"
"4","Ressam","via LinkedIn"
"4","Reason Group","via LinkedIn"
"4","Bluefin Resources","via BeBee Australia"
"4","Wesfarmers Chemicals, Energy & Fertilisers","via BeBee Australia"
"4","Macquarie Group","via EFinancialCareers"
"4","Whizdom","via LinkedIn"
"4","Beach Energy Ltd","via LinkedIn"
"4","Beach Energy","via BeBee Australia"
"4","Macquarie Group","via Trabajo.org"
"4","ANZ","via Jobs Trabajo.org"
"4","BOQ Specialist Group","via Jooble"
"4","Whizdom","via Whizdom"
"4","Whizdom Recruitment","via BeBee Australia"
"4","Aware Super","via SimplyHired, Australia"
"4","Australian Taxation Office","via BeBee Australia"
"4","Monash University","via BeBee Australia"
"4","OUTFRONT Media","via Trabajo.org"
"4","Recruitment Hive","via SimplyHired, Australia"
"4","Australian National Audit Office","via LinkedIn"
"4","QBE","via Laimoon.com"
"4","Peoplebank","via BeBee Australia"
"4","Austin Health","via BeBee Australia"
"4","Property Exchange Australia Ltd","via BeBee Australia"
"4","Hays","via EFinancialCareers"
"4","Hassett","via BeBee Australia"
"4","Spear Research","via LinkedIn"
"4","Amgen Foundation, Inc.","via Recruit.net"
"4","Harborview Medical Center","via Jobs Trabajo.org"
"4","Specsavers","via BeBee Australia"
"4","Sunboost","via BeBee Australia"
"4","Solifi","via LinkedIn"
"4","HCF Australia","via Jobs Trabajo.org"
"4","Amgen Inc.","via Fairygodboss"
"4","Suncorp Group","via Trabajo.org"
"4","Puget Sound Energy","via BeBee Australia"
"4","HCF","via BeBee Australia"
"4","Amgen","via Trabajo.org"
"4","Reserve Bank of Australia","via Jobrapido.com"
"4","PVS Australia Pty Ltd","via LinkedIn"
"4","Ambition Group","via BeBee Australia"
"4","HuQuo","via LinkedIn"
"4","SustainRecruit","via LinkedIn"
"4","Go Partnership","via Jobrapido.com"
"4","Smartsheet","via Trabajo.org"
"4","Hudson Australia","via Hudson Australia"
"4","Remote Staff","via Jobrapido.com"
"4","GitLab","via LinkedIn"
"4","Fuse Recruitment","via Trabajo.org"
"4","PEXA","via LinkedIn"
"4","Outdoor Media Association","via BeBee Australia"
"4","FourQuarters Recruitment","via Trabajo.org"
"3","1,704 reviews","via Laimoon.com"
"3","173 reviews","via Laimoon.com"
"3","48 reviews","via Laimoon.com"
"3","ABC","via Jooble"
"3","ANZ Banking Group","via SimplyHired, Australia"
"3","AUTOrecruit","via BeBee Australia"
"3","Agl Energy","via Jobrapido.com"
"3","Alexander Appointments Pty Ltd","via BeBee Australia"
"3","Ashdown People","via LinkedIn"
"3","Australian Broadcasting Corporation (ABC)","via Jobrapido.com"
"3","Australian Energy Market Operator (AEMO)","via LinkedIn"
"3","Australian Government Department of Defence","via BeBee Australia"
"3","Avance Consulting","via LinkedIn"
"3","BHP","via BeBee Australia"
"3","Barwon Water","via Joblum Australia"
"3","Barwon Water","via LinkedIn"
"3","Bayer","via LinkedIn"
"3","Beaumont People","via Jooble"
"3","BlueScope","via Trabajo.org"
"3","CYOS Solutions","via BeBee Australia"
"3","Charterhouse","via Charterhouse"
"3","Charterhouse Australia","via Whatjobs? Jobs In The Australia"
"3","City Facilities Management","via BeBee Australia"
"3","Coforge","via LinkedIn"
"3","Complete Staff Solutions Pty Ltd","via Joblum Australia"
"3","Court Services Victoria","via Trabajo.org"
"3","Cox Purtell","via BeBee Australia"
"3","Cox Purtell Staffing Services","via LinkedIn"
"3","Cpl Healthcare","via Jobrapido.com"
"3","Crawford & Company","via BeBee Australia"
"3","DFP Recruitment","via LinkedIn"
"3","DR Analytics Recruitment","via LinkedIn"
"3","Day One","via Jobs Trabajo.org"
"3","Downer Professional Services","via LinkedIn"
"3","Egm Partners","via BeBee Australia"
"3","Electronic Arts","via Trabajo.org"
"3","Embedded Search and Selection","via Adzuna"
"3","Empire Group","via BeBee Australia"
"3","Essense of Australia, Inc.","via Jobs Trabajo.org"
"3","Evolve Recruitment","via Evolve Scientific Recruitment"
"3","Finite IT","via Adzuna"
"3","Forever New","via Adzuna"
"3","GWG Recruitment","via Adzuna"
"3","Gotech Solutions Pty Ltd","via Jobrapido.com"
"3","Green Light","via BeBee Australia"
"3","HAYS","via Trabajo.org"
"3","Harborview Medical Center","via Trabajo.org"
"3","HelloFresh","via HelloFresh Careers"
"3","Hire X Staff","via LinkedIn"
"3","HorizonOne Recruitment","via LinkedIn"
"3","IT Alliance Australia","via Jooble"
"3","IT Alliance Australia","via LinkedIn"
"3","InfoCentric","via LinkedIn"
"3","Infosys Singapore & Australia","via Trabajo.org"
"3","InovitSI","via LinkedIn"
"3","Jb Hi-Fi","via Jobrapido.com"
"3","KPMG","via Trabajo.org"
"3","Keegan Adams Recruitment","via LinkedIn"
"3","Konnexus Consulting Group","via BeBee Australia"
"3","Linkus","via Jooble"
"3","Lion","via Trabajo.org"
"3","Loreal","via BeBee Australia"
"3","MPAU Technology","via Adzuna"
"3","Mad Paws","via LinkedIn"
"3","Make-A-Wish Australia","via LinkedIn"
"3","Manpower","via Jobrapido.com"
"3","Maven Partners","via BeBee Australia"
"3","Modis","via BeBee Australia"
"3","Morgan Mckinley","via Jobrapido.com"
"3","Murdoch Children's Research Institute","via BeBee Australia"
"3","NSW Health","via Jooble"
"3","NYSTEC","via JobLeads"
"3","Nakupuna Consulting","via BeBee Australia"
"3","New York State Technology Enterprise Corporation (NYSTEC)","via BeBee Australia"
"3","New Zealand Government","via Jooble"
"3","Nintendo of America Inc.","via Trabajo.org"
"3","Oscar Wylee Eyewear","via BeBee Australia"
"3","Parklife Joint Venture","via Adzuna"
"3","Paxus Australia Pty Ltd","via EMPREGO"
"3","Peoplebank Australia Ltd","via Jooble"
"3","Perigon Group","via LinkedIn"
"3","Picklebet","via LinkedIn"
"3","Programmed","via BeBee Australia"
"3","Providence Health & Services","via Trabajo.org"
"3","Pyramid Global Technologies","via Jobs Trabajo.org"
"3","QBE Insurance","via Laimoon"
"3","Qcells","via Startup Jobs"
"3","Qcells North America","via LinkedIn"
"3","Queensland Government","via BeBee Australia"
"3","Queensland Health","via LinkedIn"
"3","RMIT University","via Jobs Australia Academic IT Sydney Melbourne Remote Academic"
"3","Randstad Technologies Australia","via LinkedIn"
"3","Regal Cream Products Pty Ltd","via BeBee Australia"
"3","Roman Health Pharmacy LLC","via Jooble"
"3","Roman Health Pharmacy Llc","via Jobrapido.com"
"3","Secure Code Warrior","via LinkedIn"
"3","ServiceTitan","via LinkedIn"
"3","Slade Group","via Jobrapido.com"
"3","Sodexo","via Ai-Jobs.net"
"3","Softtestpays","via Jobrapido.com"
"3","Source Point","via LinkedIn"
"3","Southern NSW Local Health District","via BeBee Australia"
"3","Speller International","via BeBee Australia"
"3","Strategic Partners Australia","via LinkedIn"
"3","Suncorp Group","via Emprego.pt"
"3","Suncorp Group","via Jobs Trabajo.org"
"3","Superretailgroup","via BeBee Australia"
"3","Swinburne University of Technology","via SimplyHired, Australia"
"3","TELUS International","via LinkedIn"
"3","Talent","via BeBee Australia"
"3","Talent Stack","via LinkedIn"
"3","Talenza","via Adzuna"
"3","Tata Group","via Jobrapido.com"
"3","Tata Group","via Trabajo.org"
"3","Techvision Staffing Solutions","via Adzuna"
"3","Transport For Nsw","via Jobrapido.com"
"3","Transurban","via Trabajo.org"
"3","University of Technology Sydney","via LinkedIn"
"3","Uq","via BeBee Australia"
"3","Wellington Management","via Jobrapido.com"
"3","Whizdom Recruitment","via LinkedIn"
"3","Woolworth","via Jobrapido.com"
"3","Woolworth","via Trabajo.org"
"3","WorkIndia","via LinkedIn"
"3","X-brain","via Adzuna"
"3","X-brain Info Tech","via Adzuna Australia"
"3","YOH Services LLC","via Jobs Trabajo.org"
"3","e2e Project Excellence","via LinkedIn"
"3","icare NSW","via Emprego.pt"
"3","nib Group","via BeBee Australia"
"2","NAB","via LinkedIn"
"2","Morgan McKinley","via Laimoon.com"
"2","4C Strategies","via LinkedIn"
"2","M&T Resources","via LinkedIn"
"2","Lion","via LinkedIn"
"2","Leidos Australia","via LinkedIn"
"2","Robert Walters","via BeBee Australia"
"2","Legal Aid NSW","via Jobs Trabajo.org"
"2","AllStaff Staffing & Recruiting","via LinkedIn"
"2","4C Strategies","via Laimoon.com"
"2","Knightsbridgesolutionsus","via BeBee Australia"
"2","SKNG Services","via LinkedIn"
"2","SKY Italia","via Trabajo.org"
"2","Kids First Australia (formerly CPS)","via LinkedIn"
"2","Sarah Group Holdings","via Trabajo.org"
"2","Jb Hi-Fi Limited","via BeBee Australia"
"2","JLL","via Trabajo.org"
"2","Shoalhaven City Council","via Adzuna"
"2","Integratedliving","via Jobrapido.com"
"2","Sirius People","via Sirius People"
"2","Ignite","via LinkedIn"
"2","Icon Water","via Jobrapido.com"
"2","IPA Australia","via BeBee Australia"
"2","Husqvarna","via Trabajo.org"
"2","AllSquares","via LinkedIn"
"2","Huntington Ingalls Industries, Inc.","via Jobs Trabajo.org"
"2","YOH Services LLC","via BeBee Australia"
"2","Softtest Pays","via Jooble"
"2","Healthdirect Australia","via LinkedIn"
"2","Akkodis","via LinkedIn"
"2","Zoom Recruitment","via SimplyHired, Australia"
"2","Spotlight Group","via BeBee Australia"
"2","HOBAN Recruitment","via Trabajo.org"
"2","HMA","via BeBee Australia"
"2","State Government Of Victoria, Australia","via BeBee Australia"
"2","HERE Technologies","via LinkedIn"
"2","HCF","via Jobs Trabajo.org"
"2","HCF","via Jobrapido.com"
"2","Suncorp Group Limited","via BeBee Australia"
"2","H&M","via Jobrapido.com"
"2","Gotech Solutions Pty Ltd","via BeBee Australia"
"2","careerone","via Recruit.net"
"2","Global Information Technology","via LinkedIn"
"2","Frost Bank","via BeBee Australia"
"2","Fletcher Insulation AU","via Trabajo.org"
"2","Evoenergy ACT","via LinkedIn"
"2","Ethos BeathChapman","via Trabajo.org"
"2","2Hb Incorporated","via BeBee Australia"
"2","EnergyAustralia","via LinkedIn"
"2","Eldercare","via Trabajo.org"
"2","Eldercare","via BeBee Australia"
"2","Easy Authoring","via Jooble"
"2","Eastern Health","via BeBee Australia"
"2","Department of Treasury and Finance, Victoria","via LinkedIn"
"2","Tech Mahindra","via LinkedIn"
"2","TechVision Staffing Solutions","via LinkedIn"
"2","AIA Australia","via LinkedIn"
"2","Department of Treasury & Finance","via BeBee Australia"
"2","Terex Corporation","via BeBee Australia"
"2","Dataly Actuarial","via LinkedIn"
"2","DMS Governance","via Jooble"
"2","DFP Recruitment Services","via BeBee Australia"
"2","The Elite Job","via The Elite Job"
"2","The Hospital Research Foundation","via Emprego.pt"
"2","Crime and Corruption Commission","via Trabajo.org"
"2","Correlate Resources","via Adzuna"
"2","Thedrivegroup","via Jobrapido.com"
"2","Confidential","via EMPREGO.pt"
"2","Computershare","via SimplyHired, Australia"
"2","Computershare","via LinkedIn"
"2","Transgrid","via LinkedIn"
"2","Transurban","via BeBee Australia"
"2","Treasury Wine Estates","via Trabajo.org"
"2","Charterhouse","via BeBee Australia"
"2","Centre for Continuing Education","via Jobrapido.com"
"2","Centacare Brisbane","via Jooble"
"2","Cecil","via BeBee Australia"
"2","University of Canberra","via Jooble"
"2","mme team","via BeBee Australia"
"2","VGA","via BeBee Australia"
"2","Cargill, Incorporated","via Jooble"
"2","Canstar","via Jobrapido.com"
"2","Canibuild Au Pty Ltd","via Adzuna"
"2","Virtusa","via BeBee Australia"
"2","Vital Health Foods","via Jobrapido.com"
"2","Viva Energy Australia","via BeBee Australia"
"2","CYOS Solutions","via Recruit.net"
"2","CYOS Solutions","via LinkedIn"
"2","CU Services Pty Limited","via Trabajo.org"
"2","CPU","via Recruit.net"
"2","Bupa","via LinkedIn"
"2","Bill and Melinda Gates Foundation","via Trabajo.org"
"2","Water Corporation","via BeBee Australia"
"2","Big W","via BeBee Australia"
"2","Wesfarmers Chemicals, Energy & Fertilisers","via Jobrapido.com"
"2","West Recruitment","via Jooble"
"2","Bendigo & Adelaide Bank","via BeBee Australia"
"2","BMP Technologies","via LinkedIn"
"2","mme team","via Trabajo.org"
"2","Australian Federal Government","via LinkedIn"
"2","Powerdata Group Consulting","via BeBee Australia"
"2","Programmed","via LinkedIn"
"2","Peoplebank Australia Ltd","via BeBee Australia"
"2","People4U","via LinkedIn"
"2","Paxus","via Jobrapido.com"
"2","Oracle","via BeBee Australia"
"2","Nt Department Of Health","via BeBee Australia"
"2","Net2Source Inc.","via LinkedIn"
"2","AptSearch","via Trabajo.org"
"2","Appen","via LinkedIn"
"2","REA Group","via Adzuna"
"2","Apollo Recruitment","via Jobrapido.com"
"2","NHP","via BeBee Australia"
"2","NEC Australia","via Trabajo.org"
"2","Randstad Australia","via Jobrapido.com"
"2","Randstad Australia","via Randstad Australia"
"2","Anglicare","via BeBee Australia"
"2","Rarekind","via LinkedIn"
"2","Rea Group Ltd.","via BeBee Australia"
"2","Munich Re","via LinkedIn"
"1","NSW Government TAFE NSW","via Jooble"
"1","Department of Health, Tasmania","via LinkedIn"
"1","Department of Education","via BeBee Australia"
"1","Department Of The Premier And Cabinet Qld","via BeBee Australia"
"1","Rac Wa","via Jobrapido.com"
"1","The Australian Pipeliner","via BeBee Australia"
"1","The Data Foundry","via Jobrapido.com"
"1","mme team","via SimplyHired, Australia"
"1","Australian Electoral Commission","via Jooble"
"1","NSW Department of Planning and Environment","via LinkedIn"
"1","Bendigo and Adelaide Bank","via Bendigo Adelaide - Bendigo And Adelaide Bank"
"1","DAG-Jones Lang LaSalle (ACT) Pty Ltd","via Workday"
"1","Woolworths Limited","via Jooble"
"1","DAC-Jones Lang LaSalle (VIC) Pty Ltd","via Workday"
"1","Nes Global Talent","via BeBee Australia"
"1","Cotton On Group","via Adzuna Australia"
"1","Morgan McKinley","via LinkedIn"
"1","Bedford Group","via Trabajo.org"
"1","Moreton Bay Regional Council","via BeBee Australia"
"1","Mitchell Morley","via Mitchell Morley"
"1","Corptec Technology Partners Australia","via LinkedIn"
"1","Mensa Brands","via LinkedIn"
"1","Reo Group","via BeBee Australia"
"1","Mcarthur Pty Ltd","via BeBee Australia"
"1","Macquarie Group Limited","via Laimoon.com"
"1","MECCA Brands Pty Ltd","via BeBee Australia"
"1","MECCA Brands","via BeBee Australia"
"1","The University of Adelaide","via BeBee Australia"
"1","Rimfire Resources","via Jobrapido.com"
"1","Corporacion Acciona Eolica Sl","via BeBee Australia"
"1","onpoint 365","via LinkedIn"
"1","BAE Systems","via Trabajo.org"
"1","Randstad Australia","via BeBee Australia"
"1","BAE Systems","via Jobs Trabajo.org"
"1","Total Resource Solutions","via Jooble"
"1","Lawson Elliott Recruitment","via BeBee Australia"
"1","Total Resource Solutions","via LinkedIn"
"1","Kmart","via Trabajo.org"
"1","SEED - Client 2","via Finite Recruitment Solutions"
"1","Commonwealth Bank","via LinkedIn"
"1","King Living","via Adzuna"
"1","Australian Government Department Of Defence","via Jobrapido.com"
"1","Translink","via LinkedIn"
"1","Kennedy Reid","via BeBee Australia"
"1","KPMG","via Jobs Trabajo.org"
"1","the original","via BeBee Australia"
"1","Johnson & Johnson","via BeBee Australia"
"1","X-brain Info Tech","via LinkedIn"
"1","Collabera","via LinkedIn"
"1","XPT Software Australia Pty Ltd","via Recruit.net"
"1","JOBX Pty Ltd","via Jooble"
"1","Sharp & Carter","via Trabajo.org"
"1","NCS Group","via Trabajo.org"
"1","Transurban","via Jobs Trabajo.org"
"1","Colgate-Palmolive Company","via Jobrapido.com"
"1","Insurance Australia Group Limited","via Jobrapido.com"
"1","Independence Group","via BeBee Australia"
"1","kmartaustr","via Kmart Jobs"
"1","Nes Fircroft","via Jobrapido.com"
"1","Cognizant Technology Solutions","via BeBee Australia"
"1","Cochlear","via LinkedIn"
"1","Sky","via Jobs Trabajo.org"
"1","Cleared ICT","via BeBee Australia"
"1","UQ","via BeBee Australia"
"1","Clearcompany","via Jobrapido.com"
"1","Hudson AU","via Jooble"
"1","HiTech Group Australia Limited","via Jooble"
"1","Polyglot Group | Business Services Provider","via LinkedIn"
"1","SoftLabs","via SimplyHired"
"1","Prime Immigration LLP","via Shine"
"1","Hevo Data","via LinkedIn"
"1","368701","via Adzuna"
"1","Prime Immigration LLP","via Shine.com"
"1","ProZ.com","via ProZ.com"
"1","Hays Technology","via Joblum Australia"
"1","Hatch","via LinkedIn"
"1","Airswift","via MyPetroCareer"
"1","Harvey Norman Global Pty Limited","via BeBee Australia"
"1","HUB24 & Class Limited","via Recruit.net"
"1","Catholic Education Diocese of Parramatta","via Adzuna"
"1","mme | employment market experts","via LinkedIn"
"1","HR Partners - a Randstad company","via JobLeads"
"1","St Vincent's Health Australia","via LinkedIn"
"1","Cash App","via Recruit.net"
"1","ADL Group Australia","via LinkedIn"
"1","Workpac","via BeBee Australia"
"1","Zurich Insurance Company Ltd.","via BeBee Australia"
"1","Randstad","via Institute Of Data Jobs"
"1","HCRC Staffing","via LinkedIn"
"1","Airswift","via Jobrapido.com"
"1","at Sonder","via BeBee Australia"
"1","Carter Murray","via LinkedIn"
"1","National Health Funding Body","via Jooble"
"1","Carecone","via Laimoon.com"
"1","Airservices Australia","via BeBee Australia"
"1","HAYS","via Jooble"
"1","Ventia","via Trabajo.org - Job Search - Jobs"
"1","Capstone Recruitment","via BeBee Australia"
"1","Veolia Environmental Services","via Jooble"
"1","Viatris","via BeBee Australia"
"1","Gateway Synergy Recruitment","via BeBee Australia"
"1","Fujitsu","via Jobrapido.com"
"1","Viatris Inc","via Jobrapido.com"
"1","Protocase Inc.","via BeBee Australia"
"1","TEKsystems","via LinkedIn"
"1","Airservices","via BeBee Australia"
"1","TELUS International AI","via AngelList"
"1","First People Recruitment Solutions","via Jooble"
"1","TELUS International AI Inc.","via World Translation Jobs"
"1","Experimentation Jobs","via BeBee Australia"
"1","TPG Telecom","via LinkedIn"
"1","Proven Staffing Solutions","via Jobrapido.com"
"1","Paxus Australia Pty Ltd","via Emprego.pt"
"1","Tabcorp","via LinkedIn"
"1","Enterprise IT Resources Pty Ltd","via Jobs Trabajo.org"
"1","Virtusa","via LinkedIn"
"1","Virtusa","via Trabajo.org"
"1","Emanate Technology","via LinkedIn"
"1","Emanate Technology","via Emanate Technology"
"1","Canberra Consulting","via LinkedIn"
"1","Paxus Australia Pty Ltd","via BeBee Australia"
"1","ePharmacy","via Trabajo.org"
"1","Adelaide PHN","via Jobrapido.com"
"1","Efmlogistics","via BeBee Australia"
"1","Tandem","via BeBee Australia"
"1","Paxus - Technology + Digital Talent","via Jobrapido.com"
"1","Target Impact","via LinkedIn"
"1","u&u. Recruitment Partners","via LinkedIn"
"1","Adelaide PHN","via Emprego.pt"
"1","ANZ Banking Group Limited","via ANZ Careers"
"1","Dialogit","via Jobrapido.com"
"1","Paxus","via LinkedIn"
"1","Randstad","via Randstad"
"1","PERSOLKELLY","via EMPREGO"
"1","Oryx People Automotive","via BeBee Australia"
